what,kind,bundleId,bundleVersion,description,time
java.vm.info,sysinfo,,,"mixed mode",1514360691316
java.vm.name,sysinfo,,,"Java HotSpot(TM) Client VM",1514360691316
java.vm.specification.name,sysinfo,,,"Java Virtual Machine Specification",1514360691316
java.vm.specification.vendor,sysinfo,,,"Sun Microsystems Inc.",1514360691316
java.vm.specification.version,sysinfo,,,"1.0",1514360691316
java.vm.vendor,sysinfo,,,"Sun Microsystems Inc.",1514360691316
java.vm.version,sysinfo,,,"19.0-b09",1514360691316
opened,view,org.eclipse.ui.ide,3.7.0.v20110928-1505,"org.eclipse.ui.views.ProblemView",1514360691528
started,bundle,org.eclipse.ltk.ui.refactoring,3.6.0.v20110928-1453,"org.eclipse.ltk.ui.refactoring",1514360694591
deactivated,workbench,org.eclipse.ui.workbench,3.7.1.v20120104-1859,"",1514360694723
started,bundle,com.altera.sbtgui.core,13.0.0.156,"com.altera.sbtgui.core",1514360695182
activated,workbench,org.eclipse.ui.workbench,3.7.1.v20120104-1859,"",1514360695223
executed,command,org.eclipse.ltk.ui.refactoring,3.6.0.v20110928-1453,"org.eclipse.ltk.ui.refactoring.commands.deleteResources",1514360695231
executed,command,org.eclipse.ui,3.7.0.v20110928-1505,"org.eclipse.ui.edit.delete",1514360695231
started,bundle,com.altera.sbtgui.ui,13.0.0.156,"com.altera.sbtgui.ui",1514360697923
opened,view,org.eclipse.ui.console,3.5.100.v20111007_r372,"org.eclipse.ui.console.ConsoleView",1514360698092
started,bundle,org.eclipse.debug.ui,3.7.102.v20111129-1423_r372,"org.eclipse.debug.ui",1514360698195
started,bundle,org.eclipse.cdt.dsf,2.2.0.201202111925,"org.eclipse.cdt.dsf",1514360698199
started,bundle,org.eclipse.cdt.dsf.gdb,4.0.2.201202111925,"org.eclipse.cdt.dsf.gdb",1514360698200
started,bundle,org.eclipse.cdt.dsf.gdb.ui,2.2.1.201202111925,"org.eclipse.cdt.dsf.gdb.ui",1514360698200
activated,view,org.eclipse.ui.console,3.5.100.v20111007_r372,"org.eclipse.ui.console.ConsoleView",1514360698395
deactivated,workbench,org.eclipse.ui.workbench,3.7.1.v20120104-1859,"",1514360698553
started,bundle,org.eclipse.linuxtools.cdt.autotools.core,1.0.2.201202152032,"org.eclipse.linuxtools.cdt.autotools.core",1514360714018
started,bundle,org.eclipse.core.variables,3.2.500.v20110928-1503,"org.eclipse.core.variables",1514360714059
started,bundle,org.eclipse.cdt.managedbuilder.gnu.ui,8.0.2.201202111925,"org.eclipse.cdt.managedbuilder.gnu.ui",1514360714993
started,bundle,org.eclipse.cdt.msw.build,1.0.0.201202111925,"org.eclipse.cdt.msw.build",1514360715751
activated,workbench,org.eclipse.ui.workbench,3.7.1.v20120104-1859,"",1514360723020
activated,view,org.eclipse.ui.navigator.resources,3.4.300.v20110928-1505,"org.eclipse.ui.navigator.ProjectExplorer",1514360903143
started,bundle,org.eclipse.compare.core,3.5.200.I20110208-0800,"org.eclipse.compare.core",1514360905573
started,bundle,org.eclipse.compare,3.5.202.R37x_v20111109-0800,"org.eclipse.compare",1514360905576
deactivated,workbench,org.eclipse.ui.workbench,3.7.1.v20120104-1859,"",1514360908268
activated,workbench,org.eclipse.ui.workbench,3.7.1.v20120104-1859,"",1514360911918
deactivated,workbench,org.eclipse.ui.workbench,3.7.1.v20120104-1859,"",1514360920724
activated,workbench,org.eclipse.ui.workbench,3.7.1.v20120104-1859,"",1514360924517
executed,command,org.eclipse.ui,3.7.0.v20110928-1505,"org.eclipse.ui.newWizard",1514360924531
deactivated,workbench,org.eclipse.ui.workbench,3.7.1.v20120104-1859,"",1514360928317
activated,workbench,org.eclipse.ui.workbench,3.7.1.v20120104-1859,"",1514360930963
deactivated,workbench,org.eclipse.ui.workbench,3.7.1.v20120104-1859,"",1514360936510
activated,workbench,org.eclipse.ui.workbench,3.7.1.v20120104-1859,"",1514360939737
deactivated,workbench,org.eclipse.ui.workbench,3.7.1.v20120104-1859,"",1514361252810
activated,workbench,org.eclipse.ui.workbench,3.7.1.v20120104-1859,"",1514361254230
deactivated,workbench,org.eclipse.ui.workbench,3.7.1.v20120104-1859,"",1514361256210
activated,workbench,org.eclipse.ui.workbench,3.7.1.v20120104-1859,"",1514364748277
deactivated,workbench,org.eclipse.ui.workbench,3.7.1.v20120104-1859,"",1514364752561
activated,workbench,org.eclipse.ui.workbench,3.7.1.v20120104-1859,"",1514366740268
deactivated,workbench,org.eclipse.ui.workbench,3.7.1.v20120104-1859,"",1514366752084
activated,workbench,org.eclipse.ui.workbench,3.7.1.v20120104-1859,"",1514366768873
deactivated,workbench,org.eclipse.ui.workbench,3.7.1.v20120104-1859,"",1514366769241
opened,editor,org.eclipse.cdt.ui,5.3.2.201202111925,"org.eclipse.cdt.ui.editor.CEditor",1514366770068
activated,workbench,org.eclipse.ui.workbench,3.7.1.v20120104-1859,"",1514366770297
activated,editor,org.eclipse.cdt.ui,5.3.2.201202111925,"org.eclipse.cdt.ui.editor.CEditor",1514366770340
deactivated,workbench,org.eclipse.ui.workbench,3.7.1.v20120104-1859,"",1514366770488
started,bundle,org.eclipse.cdt.codan.ui,2.0.1.201202111925,"org.eclipse.cdt.codan.ui",1514366770534
activated,workbench,org.eclipse.ui.workbench,3.7.1.v20120104-1859,"",1514366774430
deactivated,workbench,org.eclipse.ui.workbench,3.7.1.v20120104-1859,"",1514366780634
activated,workbench,org.eclipse.ui.workbench,3.7.1.v20120104-1859,"",1514366804508
executed,command,org.eclipse.ui,3.7.0.v20110928-1505,"org.eclipse.ui.edit.paste",1514366807836
deactivated,workbench,org.eclipse.ui.workbench,3.7.1.v20120104-1859,"",1514366816645
activated,workbench,org.eclipse.ui.workbench,3.7.1.v20120104-1859,"",1514366825680
deactivated,workbench,org.eclipse.ui.workbench,3.7.1.v20120104-1859,"",1514366826612
activated,workbench,org.eclipse.ui.workbench,3.7.1.v20120104-1859,"",1514366828115
executed,command,org.eclipse.ui,3.7.0.v20110928-1505,"org.eclipse.ui.file.save",1514366828982
activated,view,org.eclipse.ui.navigator.resources,3.4.300.v20110928-1505,"org.eclipse.ui.navigator.ProjectExplorer",1514366832353
deactivated,workbench,org.eclipse.ui.workbench,3.7.1.v20120104-1859,"",1514366835269
activated,workbench,org.eclipse.ui.workbench,3.7.1.v20120104-1859,"",1514366839741
opened,editor,org.eclipse.cdt.ui,5.3.2.201202111925,"org.eclipse.cdt.ui.editor.CEditor",1514366840556
activated,editor,org.eclipse.cdt.ui,5.3.2.201202111925,"org.eclipse.cdt.ui.editor.CEditor",1514366840739
deactivated,workbench,org.eclipse.ui.workbench,3.7.1.v20120104-1859,"",1514366840846
activated,workbench,org.eclipse.ui.workbench,3.7.1.v20120104-1859,"",1514366844257
deactivated,workbench,org.eclipse.ui.workbench,3.7.1.v20120104-1859,"",1514366849702
activated,workbench,org.eclipse.ui.workbench,3.7.1.v20120104-1859,"",1514366858852
executed,command,org.eclipse.ui,3.7.0.v20110928-1505,"org.eclipse.ui.edit.paste",1514366860121
deactivated,workbench,org.eclipse.ui.workbench,3.7.1.v20120104-1859,"",1514366862258
activated,workbench,org.eclipse.ui.workbench,3.7.1.v20120104-1859,"",1514366867455
executed,command,org.eclipse.ui,3.7.0.v20110928-1505,"org.eclipse.ui.edit.paste",1514366869748
deactivated,workbench,org.eclipse.ui.workbench,3.7.1.v20120104-1859,"",1514366877059
activated,workbench,org.eclipse.ui.workbench,3.7.1.v20120104-1859,"",1514366892586
executed,command,org.eclipse.ui,3.7.0.v20110928-1505,"org.eclipse.ui.edit.paste",1514366893569
deactivated,workbench,org.eclipse.ui.workbench,3.7.1.v20120104-1859,"",1514366898459
activated,workbench,org.eclipse.ui.workbench,3.7.1.v20120104-1859,"",1514366909698
executed,command,org.eclipse.ui,3.7.0.v20110928-1505,"org.eclipse.ui.edit.paste",1514366910904
deactivated,workbench,org.eclipse.ui.workbench,3.7.1.v20120104-1859,"",1514366914808
activated,workbench,org.eclipse.ui.workbench,3.7.1.v20120104-1859,"",1514366924163
executed,command,org.eclipse.ui,3.7.0.v20110928-1505,"org.eclipse.ui.edit.paste",1514366927939
executed,command,org.eclipse.ui,3.7.0.v20110928-1505,"org.eclipse.ui.file.save",1514366932424
deactivated,workbench,org.eclipse.ui.workbench,3.7.1.v20120104-1859,"",1514366946726
activated,workbench,org.eclipse.ui.workbench,3.7.1.v20120104-1859,"",1514367027536
deactivated,workbench,org.eclipse.ui.workbench,3.7.1.v20120104-1859,"",1514367030003
activated,workbench,org.eclipse.ui.workbench,3.7.1.v20120104-1859,"",1514367332408
deactivated,workbench,org.eclipse.ui.workbench,3.7.1.v20120104-1859,"",1514367334740
activated,workbench,org.eclipse.ui.workbench,3.7.1.v20120104-1859,"",1514367959561
deactivated,workbench,org.eclipse.ui.workbench,3.7.1.v20120104-1859,"",1514367978574
activated,workbench,org.eclipse.ui.workbench,3.7.1.v20120104-1859,"",1514368085132
activated,view,org.eclipse.ui.navigator.resources,3.4.300.v20110928-1505,"org.eclipse.ui.navigator.ProjectExplorer",1514368085214
activated,editor,org.eclipse.cdt.ui,5.3.2.201202111925,"org.eclipse.cdt.ui.editor.CEditor",1514368090967
started,bundle,org.eclipse.cdt.debug.core,7.1.0.201202111925,"org.eclipse.cdt.debug.core",1514368102293
started,bundle,org.eclipse.cdt.debug.ui,7.1.2.201202111925,"org.eclipse.cdt.debug.ui",1514368102298
deactivated,workbench,org.eclipse.ui.workbench,3.7.1.v20120104-1859,"",1514368102887
activated,workbench,org.eclipse.ui.workbench,3.7.1.v20120104-1859,"",1514368111561
activated,view,org.eclipse.ui.navigator.resources,3.4.300.v20110928-1505,"org.eclipse.ui.navigator.ProjectExplorer",1514368112527
deactivated,workbench,org.eclipse.ui.workbench,3.7.1.v20120104-1859,"",1514368182440
activated,workbench,org.eclipse.ui.workbench,3.7.1.v20120104-1859,"",1514368186653
deactivated,workbench,org.eclipse.ui.workbench,3.7.1.v20120104-1859,"",1514368191414
activated,workbench,org.eclipse.ui.workbench,3.7.1.v20120104-1859,"",1514368227834
deactivated,workbench,org.eclipse.ui.workbench,3.7.1.v20120104-1859,"",1514368258772
activated,workbench,org.eclipse.ui.workbench,3.7.1.v20120104-1859,"",1514371188705
deactivated,workbench,org.eclipse.ui.workbench,3.7.1.v20120104-1859,"",1514371196149
activated,workbench,org.eclipse.ui.workbench,3.7.1.v20120104-1859,"",1514371197161
started,bundle,org.eclipse.cdt.mylyn.ui,3.6.0.v20110608-1400,"org.eclipse.cdt.mylyn.ui",1514371197294
closed,workbench,org.eclipse.ui.workbench,3.7.1.v20120104-1859,"",1514371197360
activated,perspective,com.altera.sbtgui.ui,,"com.altera.sbtgui.ui.cPerspective",1514371309887
started,bundle,org.eclipse.osgi,3.7.2.v20120110-1415,"org.eclipse.osgi",1514371309889
started,bundle,org.eclipse.equinox.simpleconfigurator,1.0.200.v20110815-1438,"org.eclipse.equinox.simpleconfigurator",1514371309889
started,bundle,com.ibm.icu,4.4.2.v20110823,"com.ibm.icu",1514371309891
started,bundle,org.eclipse.cdt.codan.checkers,1.0.1.201202111925,"org.eclipse.cdt.codan.checkers",1514371309892
started,bundle,org.eclipse.cdt.codan.core,2.0.0.201202111925,"org.eclipse.cdt.codan.core",1514371309893
started,bundle,org.eclipse.cdt.codan.core.cxx,1.0.0.201202111925,"org.eclipse.cdt.codan.core.cxx",1514371309893
started,bundle,org.eclipse.cdt.codan.ui,2.0.1.201202111925,"org.eclipse.cdt.codan.ui",1514371309894
started,bundle,org.eclipse.cdt.codan.ui.cxx,2.0.0.201202111925,"org.eclipse.cdt.codan.ui.cxx",1514371309894
started,bundle,org.eclipse.cdt.core,5.3.2.201202111925,"org.eclipse.cdt.core",1514371309897
started,bundle,org.eclipse.cdt.make.core,7.1.2.201202111925,"org.eclipse.cdt.make.core",1514371309899
started,bundle,org.eclipse.cdt.make.ui,7.1.2.201202111925,"org.eclipse.cdt.make.ui",1514371309902
started,bundle,org.eclipse.cdt.managedbuilder.core,8.0.2.201202111925,"org.eclipse.cdt.managedbuilder.core",1514371309904
started,bundle,org.eclipse.cdt.ui,5.3.2.201202111925,"org.eclipse.cdt.ui",1514371309904
started,bundle,org.eclipse.compare.core,3.5.200.I20110208-0800,"org.eclipse.compare.core",1514371309905
started,bundle,org.eclipse.core.contenttype,3.4.100.v20110423-0524,"org.eclipse.core.contenttype",1514371309906
started,bundle,org.eclipse.core.databinding.observable,1.4.0.I20110222-0800,"org.eclipse.core.databinding.observable",1514371309907
started,bundle,org.eclipse.core.expressions,3.4.300.v20110228,"org.eclipse.core.expressions",1514371309908
started,bundle,org.eclipse.core.filebuffers,3.5.200.v20110928-1504,"org.eclipse.core.filebuffers",1514371309909
started,bundle,org.eclipse.core.filesystem,1.3.100.v20110423-0524,"org.eclipse.core.filesystem",1514371309910
started,bundle,org.eclipse.core.jobs,3.5.101.v20120113-1953,"org.eclipse.core.jobs",1514371309911
started,bundle,org.eclipse.core.net,1.2.100.I20110511-0800,"org.eclipse.core.net",1514371309911
started,bundle,org.eclipse.core.resources,3.7.101.v20120125-1505,"org.eclipse.core.resources",1514371309912
started,bundle,org.eclipse.core.runtime,3.7.0.v20110110,"org.eclipse.core.runtime",1514371309913
started,bundle,org.eclipse.core.runtime.compatibility,3.2.100.v20100505,"org.eclipse.core.runtime.compatibility",1514371309914
started,bundle,org.eclipse.core.runtime.compatibility.auth,3.2.200.v20110110,"org.eclipse.core.runtime.compatibility.auth",1514371309915
started,bundle,org.eclipse.debug.core,3.7.1.v20111129-2031,"org.eclipse.debug.core",1514371309916
started,bundle,org.eclipse.egit.core,1.3.0.201202151440-r,"org.eclipse.egit.core",1514371309917
started,bundle,org.eclipse.egit.ui,1.3.0.201202151440-r,"org.eclipse.egit.ui",1514371309918
started,bundle,org.eclipse.epp.mpc.ui,1.1.1.I20110907-0947,"org.eclipse.epp.mpc.ui",1514371309919
started,bundle,org.eclipse.epp.usagedata.gathering,1.3.1.R201106061540,"org.eclipse.epp.usagedata.gathering",1514371309919
started,bundle,org.eclipse.epp.usagedata.recording,1.3.1.R201106061540,"org.eclipse.epp.usagedata.recording",1514371309920
started,bundle,org.eclipse.equinox.app,1.3.100.v20110321,"org.eclipse.equinox.app",1514371309920
started,bundle,org.eclipse.equinox.common,3.6.0.v20110523,"org.eclipse.equinox.common",1514371309920
started,bundle,org.eclipse.equinox.ds,1.3.1.R37x_v20110701,"org.eclipse.equinox.ds",1514371309921
started,bundle,org.eclipse.equinox.event,1.2.100.v20110502,"org.eclipse.equinox.event",1514371309922
started,bundle,org.eclipse.equinox.p2.core,2.1.1.v20120113-1346,"org.eclipse.equinox.p2.core",1514371309922
started,bundle,org.eclipse.equinox.p2.directorywatcher,1.0.300.v20110815-1419,"org.eclipse.equinox.p2.directorywatcher",1514371309922
started,bundle,org.eclipse.equinox.p2.engine,2.1.1.R37x_v20111003,"org.eclipse.equinox.p2.engine",1514371309923
started,bundle,org.eclipse.equinox.p2.metadata,2.1.0.v20110815-1419,"org.eclipse.equinox.p2.metadata",1514371309923
started,bundle,org.eclipse.equinox.p2.metadata.repository,1.2.0.v20110815-1419,"org.eclipse.equinox.p2.metadata.repository",1514371309924
started,bundle,org.eclipse.equinox.p2.operations,2.1.1.R37x_v20111111,"org.eclipse.equinox.p2.operations",1514371309924
started,bundle,org.eclipse.equinox.p2.reconciler.dropins,1.1.100.v20110815-1419,"org.eclipse.equinox.p2.reconciler.dropins",1514371309924
started,bundle,org.eclipse.equinox.p2.repository,2.1.1.v20120113-1346,"org.eclipse.equinox.p2.repository",1514371309925
started,bundle,org.eclipse.equinox.p2.ui.sdk.scheduler,1.0.100.v20110815-1419,"org.eclipse.equinox.p2.ui.sdk.scheduler",1514371309925
started,bundle,org.eclipse.equinox.p2.updatechecker,1.1.200.v20110815-1419,"org.eclipse.equinox.p2.updatechecker",1514371309925
started,bundle,org.eclipse.equinox.preferences,3.4.2.v20120111-2020,"org.eclipse.equinox.preferences",1514371309926
started,bundle,org.eclipse.equinox.registry,3.5.101.R37x_v20110810-1611,"org.eclipse.equinox.registry",1514371309927
started,bundle,org.eclipse.equinox.security,1.1.1.R37x_v20110822-1018,"org.eclipse.equinox.security",1514371309928
started,bundle,org.eclipse.equinox.util,1.0.300.v20110502,"org.eclipse.equinox.util",1514371309928
started,bundle,org.eclipse.help,3.5.100.v20110426,"org.eclipse.help",1514371309929
started,bundle,org.eclipse.jface,3.7.0.v20110928-1505,"org.eclipse.jface",1514371309929
started,bundle,org.eclipse.jgit,1.3.0.201202151440-r,"org.eclipse.jgit",1514371309937
started,bundle,org.eclipse.jsch.core,1.1.300.I20110514-0800,"org.eclipse.jsch.core",1514371309937
started,bundle,org.eclipse.ltk.core.refactoring,3.5.201.r372_v20111101-0700,"org.eclipse.ltk.core.refactoring",1514371309939
started,bundle,org.eclipse.ltk.ui.refactoring,3.6.0.v20110928-1453,"org.eclipse.ltk.ui.refactoring",1514371309939
started,bundle,org.eclipse.mylyn.bugzilla.core,3.6.5.v20120123-0100,"org.eclipse.mylyn.bugzilla.core",1514371309940
started,bundle,org.eclipse.mylyn.bugzilla.ui,3.6.0.v20110608-1400,"org.eclipse.mylyn.bugzilla.ui",1514371309940
started,bundle,org.eclipse.mylyn.commons.identity,0.8.0.v20110608-1400,"org.eclipse.mylyn.commons.identity",1514371309941
started,bundle,org.eclipse.mylyn.commons.net,3.6.0.v20110608-1400,"org.eclipse.mylyn.commons.net",1514371309941
started,bundle,org.eclipse.mylyn.commons.ui,3.6.1.v20110720-0100,"org.eclipse.mylyn.commons.ui",1514371309941
started,bundle,org.eclipse.mylyn.context.core,3.6.1.v20110720-0100,"org.eclipse.mylyn.context.core",1514371309942
started,bundle,org.eclipse.mylyn.context.ui,3.6.1.v20120112-0100,"org.eclipse.mylyn.context.ui",1514371309943
started,bundle,org.eclipse.mylyn.monitor.ui,3.6.0.v20110608-1400,"org.eclipse.mylyn.monitor.ui",1514371309943
started,bundle,org.eclipse.mylyn.tasks.ui,3.6.5.v20120215-0100,"org.eclipse.mylyn.tasks.ui",1514371309944
started,bundle,org.eclipse.mylyn.team.ui,3.6.1.v20110825-0100,"org.eclipse.mylyn.team.ui",1514371309945
started,bundle,org.eclipse.search,3.7.0.v20110928-1504,"org.eclipse.search",1514371309945
started,bundle,org.eclipse.team.core,3.6.0.I20110525-0800,"org.eclipse.team.core",1514371309946
started,bundle,org.eclipse.team.cvs.core,3.3.400.I20110510-0800,"org.eclipse.team.cvs.core",1514371309947
started,bundle,org.eclipse.team.cvs.ui,3.3.401.v20120126-1227,"org.eclipse.team.cvs.ui",1514371309948
started,bundle,org.eclipse.team.ui,3.6.101.R37x_v20111109-0800,"org.eclipse.team.ui",1514371309948
started,bundle,org.eclipse.ui,3.7.0.v20110928-1505,"org.eclipse.ui",1514371309949
started,bundle,org.eclipse.ui.console,3.5.100.v20111007_r372,"org.eclipse.ui.console",1514371309950
started,bundle,org.eclipse.ui.editors,3.7.0.v20110928-1504,"org.eclipse.ui.editors",1514371309950
started,bundle,org.eclipse.ui.forms,3.5.101.v20111011-1919,"org.eclipse.ui.forms",1514371309950
started,bundle,org.eclipse.ui.ide,3.7.0.v20110928-1505,"org.eclipse.ui.ide",1514371309952
started,bundle,org.eclipse.ui.navigator,3.5.101.v20120106-1355,"org.eclipse.ui.navigator",1514371309953
started,bundle,org.eclipse.ui.navigator.resources,3.4.300.v20110928-1505,"org.eclipse.ui.navigator.resources",1514371309954
started,bundle,org.eclipse.ui.net,1.2.100.v20111208-1155,"org.eclipse.ui.net",1514371309954
started,bundle,org.eclipse.ui.views,3.6.0.v20110928-1505,"org.eclipse.ui.views",1514371309954
started,bundle,org.eclipse.ui.workbench,3.7.1.v20120104-1859,"org.eclipse.ui.workbench",1514371309955
started,bundle,org.eclipse.ui.workbench.texteditor,3.7.0.v20110928-1504,"org.eclipse.ui.workbench.texteditor",1514371309956
started,bundle,org.eclipse.update.configurator,3.3.100.v20100512,"org.eclipse.update.configurator",1514371309956
started,bundle,org.eclipse.update.core,3.2.500.v20110330,"org.eclipse.update.core",1514371309957
started,bundle,org.eclipse.update.scheduler,3.2.300.v20100512,"org.eclipse.update.scheduler",1514371309957
started,bundle,com.altera.sbtgui.integration,13.0.0.156,"com.altera.sbtgui.integration",1514371309957
started,bundle,com.altera.sbtgui.launch,13.0.0.156,"com.altera.sbtgui.launch",1514371309958
started,bundle,com.altera.sbtgui.project,13.0.0.156,"com.altera.sbtgui.project",1514371309958
started,bundle,com.altera.systemconsole,13.0.0.156,"com.altera.systemconsole",1514371309958
started,bundle,com.altera.systemconsole.designs.plugin,13.0.0.156,"com.altera.systemconsole.designs.plugin",1514371309959
started,bundle,com.altera.utilities,13.0.0.156,"com.altera.utilities",1514371309959
os,sysinfo,,,"win32",1514371309960
arch,sysinfo,,,"x86",1514371309960
ws,sysinfo,,,"win32",1514371309960
locale,sysinfo,,,"zh_CN",1514371309960
processors,sysinfo,,,"4",1514371309960
java.runtime.name,sysinfo,,,"Java(TM) SE Runtime Environment",1514371309960
java.runtime.version,sysinfo,,,"1.6.0_23-b05",1514371309960
java.specification.name,sysinfo,,,"Java Platform API Specification",1514371309960
java.specification.vendor,sysinfo,,,"Sun Microsystems Inc.",1514371309960
java.specification.version,sysinfo,,,"1.6",1514371309960
java.vendor,sysinfo,,,"Sun Microsystems Inc.",1514371309960
java.version,sysinfo,,,"1.6.0_23",1514371309960
java.vm.info,sysinfo,,,"mixed mode",1514371309960
java.vm.name,sysinfo,,,"Java HotSpot(TM) Client VM",1514371309960
java.vm.specification.name,sysinfo,,,"Java Virtual Machine Specification",1514371309960
java.vm.specification.vendor,sysinfo,,,"Sun Microsystems Inc.",1514371309960
java.vm.specification.version,sysinfo,,,"1.0",1514371309960
java.vm.vendor,sysinfo,,,"Sun Microsystems Inc.",1514371309960
java.vm.version,sysinfo,,,"19.0-b09",1514371309960
activated,view,org.eclipse.ui.navigator.resources,3.4.300.v20110928-1505,"org.eclipse.ui.navigator.ProjectExplorer",1514371310481
opened,view,org.eclipse.ui.ide,3.7.0.v20110928-1505,"org.eclipse.ui.views.ProblemView",1514371311169
deactivated,workbench,org.eclipse.ui.workbench,3.7.1.v20120104-1859,"",1514371312055
started,bundle,com.altera.sbtgui.core,13.0.0.156,"com.altera.sbtgui.core",1514371313450
activated,workbench,org.eclipse.ui.workbench,3.7.1.v20120104-1859,"",1514371313507
executed,command,org.eclipse.ltk.ui.refactoring,3.6.0.v20110928-1453,"org.eclipse.ltk.ui.refactoring.commands.deleteResources",1514371313512
executed,command,org.eclipse.ui,3.7.0.v20110928-1505,"org.eclipse.ui.edit.delete",1514371313512
started,bundle,com.altera.sbtgui.ui,13.0.0.156,"com.altera.sbtgui.ui",1514371317664
opened,view,org.eclipse.ui.console,3.5.100.v20111007_r372,"org.eclipse.ui.console.ConsoleView",1514371317790
started,bundle,org.eclipse.debug.ui,3.7.102.v20111129-1423_r372,"org.eclipse.debug.ui",1514371317873
started,bundle,org.eclipse.cdt.dsf,2.2.0.201202111925,"org.eclipse.cdt.dsf",1514371317875
started,bundle,org.eclipse.cdt.dsf.gdb,4.0.2.201202111925,"org.eclipse.cdt.dsf.gdb",1514371317875
started,bundle,org.eclipse.cdt.dsf.gdb.ui,2.2.1.201202111925,"org.eclipse.cdt.dsf.gdb.ui",1514371317876
activated,view,org.eclipse.ui.console,3.5.100.v20111007_r372,"org.eclipse.ui.console.ConsoleView",1514371317969
deactivated,workbench,org.eclipse.ui.workbench,3.7.1.v20120104-1859,"",1514371318148
started,bundle,org.eclipse.linuxtools.cdt.autotools.core,1.0.2.201202152032,"org.eclipse.linuxtools.cdt.autotools.core",1514371347102
started,bundle,org.eclipse.core.variables,3.2.500.v20110928-1503,"org.eclipse.core.variables",1514371347138
started,bundle,org.eclipse.cdt.managedbuilder.gnu.ui,8.0.2.201202111925,"org.eclipse.cdt.managedbuilder.gnu.ui",1514371348160
started,bundle,org.eclipse.cdt.msw.build,1.0.0.201202111925,"org.eclipse.cdt.msw.build",1514371348873
activated,workbench,org.eclipse.ui.workbench,3.7.1.v20120104-1859,"",1514371355629
activated,view,org.eclipse.ui.navigator.resources,3.4.300.v20110928-1505,"org.eclipse.ui.navigator.ProjectExplorer",1514371358407
activated,editor,org.eclipse.cdt.ui,5.3.2.201202111925,"org.eclipse.cdt.ui.editor.CEditor",1514371358440
activated,view,org.eclipse.ui.navigator.resources,3.4.300.v20110928-1505,"org.eclipse.ui.navigator.ProjectExplorer",1514371359046
closed,editor,org.eclipse.cdt.ui,5.3.2.201202111925,"org.eclipse.cdt.ui.editor.CEditor",1514371359046
started,bundle,org.eclipse.cdt.mylyn.ui,3.6.0.v20110608-1400,"org.eclipse.cdt.mylyn.ui",1514371359055
deactivated,workbench,org.eclipse.ui.workbench,3.7.1.v20120104-1859,"",1514371360011
activated,workbench,org.eclipse.ui.workbench,3.7.1.v20120104-1859,"",1514371365923
opened,editor,org.eclipse.cdt.ui,5.3.2.201202111925,"org.eclipse.cdt.ui.editor.CEditor",1514371368950
activated,editor,org.eclipse.cdt.ui,5.3.2.201202111925,"org.eclipse.cdt.ui.editor.CEditor",1514371369025
deactivated,workbench,org.eclipse.ui.workbench,3.7.1.v20120104-1859,"",1514371372321
activated,workbench,org.eclipse.ui.workbench,3.7.1.v20120104-1859,"",1514371380998
executed,command,org.eclipse.ui,3.7.0.v20110928-1505,"org.eclipse.ui.edit.selectAll",1514371382703
executed,command,org.eclipse.ui,3.7.0.v20110928-1505,"org.eclipse.ui.edit.paste",1514371383819
executed,command,org.eclipse.ui,3.7.0.v20110928-1505,"org.eclipse.ui.file.save",1514371385666
deactivated,workbench,org.eclipse.ui.workbench,3.7.1.v20120104-1859,"",1514371388542
activated,workbench,org.eclipse.ui.workbench,3.7.1.v20120104-1859,"",1514371392915
activated,view,org.eclipse.ui.navigator.resources,3.4.300.v20110928-1505,"org.eclipse.ui.navigator.ProjectExplorer",1514371394732
opened,editor,org.eclipse.cdt.ui,5.3.2.201202111925,"org.eclipse.cdt.ui.editor.CEditor",1514371394904
activated,editor,org.eclipse.cdt.ui,5.3.2.201202111925,"org.eclipse.cdt.ui.editor.CEditor",1514371394973
executed,command,org.eclipse.ui,3.7.0.v20110928-1505,"org.eclipse.ui.edit.selectAll",1514371402025
executed,command,org.eclipse.ui,3.7.0.v20110928-1505,"org.eclipse.ui.edit.paste",1514371403231
executed,command,org.eclipse.ui,3.7.0.v20110928-1505,"org.eclipse.ui.edit.undo",1514371406565
executed,command,org.eclipse.ui,3.7.0.v20110928-1505,"org.eclipse.ui.edit.paste",1514371411309
executed,command,org.eclipse.ui,3.7.0.v20110928-1505,"org.eclipse.ui.edit.undo",1514371414712
executed,command,org.eclipse.ui,3.7.0.v20110928-1505,"org.eclipse.ui.edit.paste",1514371417519
deactivated,workbench,org.eclipse.ui.workbench,3.7.1.v20120104-1859,"",1514371419919
activated,workbench,org.eclipse.ui.workbench,3.7.1.v20120104-1859,"",1514371424251
executed,command,org.eclipse.ui,3.7.0.v20110928-1505,"org.eclipse.ui.file.save",1514371426651
activated,view,org.eclipse.ui.navigator.resources,3.4.300.v20110928-1505,"org.eclipse.ui.navigator.ProjectExplorer",1514371427998
started,bundle,org.eclipse.compare,3.5.202.R37x_v20111109-0800,"org.eclipse.compare",1514371428148
deactivated,workbench,org.eclipse.ui.workbench,3.7.1.v20120104-1859,"",1514371431388
activated,workbench,org.eclipse.ui.workbench,3.7.1.v20120104-1859,"",1514371458754
deactivated,workbench,org.eclipse.ui.workbench,3.7.1.v20120104-1859,"",1514371459757
activated,workbench,org.eclipse.ui.workbench,3.7.1.v20120104-1859,"",1514371753189
deactivated,workbench,org.eclipse.ui.workbench,3.7.1.v20120104-1859,"",1514371759204
activated,workbench,org.eclipse.ui.workbench,3.7.1.v20120104-1859,"",1514371760195
closed,workbench,org.eclipse.ui.workbench,3.7.1.v20120104-1859,"",1514371760302
stopped,bundle,org.eclipse.cdt.build.crossgcc,1.0.2.201202111925,"org.eclipse.cdt.build.crossgcc",1514371760500
